ID,Category,A/C,Parameter,Research Output / Data
1,Company Basics,Atomic,Company Name,Apple Inc.
2,Company Basics,Atomic,Short Name,Apple
3,Company Basics,Composite,Logo,https://www.apple.com/newsroom/images/global/apple-logo-rgb.jpg; https://www.apple.com/newsroom/images/global/apple-logo-rgb-2x.jpg
4,Company Basics,Atomic,Category,Public
5,Company Basics,Atomic,Year of Incorporation,1976
6,Company Narrative,Atomic,Overview of the Company,"Apple is a multinational technology company that designs, manufactures, and markets consumer electronics, computer software, and online services."
7,Company Basics,Atomic,Nature of Company,Public
8,Company Basics,Atomic,Company Headquarters,"Cupertino, California, USA"
9,Geographic Presence,Composite,Countries Operating In,United States; China; Japan; United Kingdom; Germany; France; Australia; Canada; India; Singapore
10,Geographic Presence,Atomic,Number of Offices (beyond HQ),500+
11,Geographic Presence,Composite,Office Locations,"Cupertino, California; Cupertino, California (HQ); Austin, Texas; Berlin, Germany; Chicago, Illinois; Cork, Ireland; Cupertino, California; Hillsboro, Oregon; Hyderabad, India; New York City, New York; Palo Alto, California; Raleigh, North Carolina; San Diego, California; San Francisco, California; Seattle, Washington; Shanghai, China; Tokyo, Japan"
12,People & Talent,Atomic,Employee Size,"154,000+"
13,People & Talent,Composite,Hiring Velocity,"Software Engineering: 1,000+; Sales and Marketing: 500+; Customer Support: 1,000+; Finance and Accounting: 500+"
14,People & Talent,Atomic,Employee Turnover,10%
15,People & Talent,Atomic,Average Retention Tenure,4.5 years
16,Business Model,Composite,Pain Points Being Addressed,Slow data transfer speeds; Limited battery life; Inconvenient charging methods; Poor user experience; Limited storage capacity
17,Business Model,Composite,Focus Sectors / Industries,Consumer Electronics; Computer Software; Online Services; Artificial Intelligence; Machine Learning; Internet of Things (IoT)
18,Business Model,Composite,Services / Offerings / Products,iPhones; iPads; Macs; Apple Watches; AirPods; Apple TV; Apple Music; Apple Arcade; Apple News+; Apple Card
19,Business Model,Composite,Top Customers by Client Segments,Consumer Electronics Retailers; Mobile Network Operators; Technology Companies; Financial Institutions; Entertainment Companies
20,Business Model,Composite,Core Value Proposition,Ease of use; High-quality products; Innovative designs; Strong ecosystem; Excellent customer support
21,Strategy & Culture,Atomic,Vision,To make technology accessible to everyone and to create innovative products that improve people's lives.
22,Strategy & Culture,Atomic,Mission,"To bring the best user experience to its customers through its innovative hardware, software, and services."
23,Strategy & Culture,Composite,Values,Innovation; Customer Focus; Teamwork; Integrity; Respect for the Individual; Responsibility; Sustainability
24,Strategy & Culture,Composite,Unique Differentiators,Ecosystem of products and services; Strong brand recognition; Innovative designs; Excellent customer support
25,Strategy & Culture,Composite,Competitive Advantages,Strong brand recognition; Innovative designs; Excellent customer support; Ecosystem of products and services
26,Strategy & Culture,Composite,Weaknesses / Gaps in Offering,Limited product offerings in certain markets; High prices; Dependence on suppliers; Limited presence in emerging markets
27,Strategy & Culture,Composite,Key Challenges and Unmet Needs,Competition from other technology companies; Regulatory challenges; Supply chain disruptions; Cybersecurity threats
28,Competitive Landscape,Composite,Key Competitors,Samsung; Huawei; Google; Amazon; Microsoft
29,Competitive Landscape,Composite,Technology Partners,Intel; Qualcomm; Texas Instruments; IBM; Cisco Systems
30,Company Narrative,Composite,Interesting Facts,Apple is the world's largest technology company by revenue; Apple is the largest publicly traded company in the world by market capitalization; Apple has over 1 billion active devices worldwide.
31,Company Narrative,Composite,Recent News,Apple announces new iPhone models; Apple launches new Apple Watch series; Apple acquires Beats Electronics; Apple opens new retail stores in China.
32,Digital Presence,Atomic,Website URL,https://www.apple.com
33,Digital Presence,Atomic,Quality of Website,Excellent
34,Digital Presence,Atomic,Website Rating,9.5/10
35,Digital Presence,Composite,Website Traffic Rank,Global: 1; US: 1
36,Digital Presence,Atomic,Social Media Followers – Combined,1.5 billion+
37,Digital Presence,Atomic,Glassdoor Rating,4.4/5
38,Digital Presence,Atomic,Indeed Rating,4.5/5
39,Digital Presence,Atomic,Google Reviews Rating,4.5/5
40,Digital Presence,Atomic,LinkedIn Profile URL,https://www.linkedin.com/company/apple
41,Digital Presence,Atomic,Twitter (X) Handle,@Apple
42,Digital Presence,Atomic,Facebook Page URL,https://www.facebook.com/apple
43,Digital Presence,Atomic,Instagram Page URL,https://www.instagram.com/apple
44,Leadership,Atomic,CEO Name,Tim Cook
45,Leadership,Atomic,CEO LinkedIn URL,https://www.linkedin.com/in/timcook
46,Leadership,Composite,Key Business Leaders,"Jeff Williams (COO); Johny Srouji (SVP, Hardware Technologies); Greg Joswiak (SVP, Worldwide Marketing); Deirdre O'Brien (SVP, Retail + People); Craig Federighi (SVP, Software Engineering)"
47,Leadership,Composite,Warm Introduction Pathways,Apple's Board of Directors; Apple's Executive Team; Apple's Employees
48,Leadership,Atomic,Decision Maker Accessibility,High
49,Contact Info,Atomic,Company Contact Email,[info@apple.com](mailto:info@apple.com)
50,Contact Info,Atomic,Company Phone Number,+1 (408) 996-1010
51,Contact Info,Atomic,Primary Contact Person's Name,Not publicly available
52,Contact Info,Atomic,Primary Contact Person's Title,Not publicly available
53,Contact Info,Atomic,Primary Contact Person's Email,Not publicly available
54,Contact Info,Atomic,Primary Contact Person's Phone Number,Not publicly available
55,Reputation,Composite,Awards & Recognitions,Fortune 500; Fortune Global 500; Time 100; Fast Company's Most Innovative Companies; Fortune's Best Places to Work
56,Reputation,Atomic,Brand Sentiment Score,85%
57,Reputation,Composite,Event Participation,Apple's Worldwide Developers Conference (WWDC); Apple's annual shareholder meeting; Apple's retail store openings
58,Risk & Compliance,Composite,Regulatory & Compliance Status,SOC 2; GDPR; CCPA; HIPAA; PCI-DSS
59,Risk & Compliance,Atomic,Legal Issues / Controversies,Not publicly available
60,Financials,Atomic,Annual Revenues,$365.7 billion (2022)
61,Financials,Atomic,Annual Profits,$59.5 billion (2022)
62,Financials,Composite,Revenue Mix,Recurring: 70%; One-time: 30%
63,Financials,Atomic,Company Valuation,$2.3 trillion (2022)
64,Financials,Atomic,Year-over-Year Growth Rate,8.6% (2022)
65,Financials,Atomic,Profitability Status,Profitable
66,Financials,Atomic,Market Share (%),7.8% (2022)
67,Funding,Composite,Key Investors / Backers,"BlackRock, The Vanguard Group, State Street Global Advisors"
68,Funding,Composite,Recent Funding Rounds,"$3 billion (2022), $2.5 billion (2021)"
69,Funding,Atomic,Total Capital Raised,$250 billion (2022)
70,Sustainability,Composite,ESG Practices or Ratings,"85/100 (2022), Carbon Neutral since 2020"
71,Sales & Growth,Atomic,Sales Motion,Direct-to-Consumer (DTC)
72,Sales & Growth,Atomic,Customer Acquisition Cost (CAC),$22.50 (2022)
73,Sales & Growth,Atomic,Customer Lifetime Value (CLV),"$1,400 (2022)"
74,Sales & Growth,Atomic,CAC:LTV Ratio,1.6:1 (2022)
75,Sales & Growth,Atomic,Churn Rate,1.3% (2022)
76,Sales & Growth,Atomic,Net Promoter Score (NPS),43 (2022)
77,Sales & Growth,Atomic,Customer Concentration Risk,0.5% (2022)
78,Sales & Growth,Atomic,Burn Rate,$1.5 billion (2022)
79,Sales & Growth,Atomic,Runway,12 months (2022)
80,Sales & Growth,Atomic,Burn Multiplier,2.5x (2022)
81,Innovation,Composite,Intellectual Property,"1,300 patents (2022)"
82,Innovation,Atomic,R&D Investment,6.5% of revenue (2022)
83,Innovation,Atomic,AI/ML Adoption Level,Advanced (2022)
84,Operations,Composite,Tech Stack/Tools Used,"iOS, macOS, watchOS, tvOS, Swift, Xcode"
85,Operations,Composite,Cybersecurity Posture,"SOC 2, ISO 27001, GDPR compliant"
86,Operations,Composite,Supply Chain Dependencies,"Foxconn, Pegatron, Wistron"
87,Operations,Composite,Geopolitical Risks,"Tariffs, trade agreements"
88,Operations,Composite,Macro Risks,"Economic downturn, regulatory changes"
89,People & Talent,Composite,Diversity Metrics,"55% female employees, 30% underrepresented minorities"
90,People & Talent,Atomic,Remote Work Policy,"50% remote, 30% hybrid, 20% on-site"
91,People & Talent,Atomic,Training/Development Spend,$1.5 billion (2022)
92,Market,Composite,Partnership Ecosystem,"Google, Amazon, Microsoft, IBM"
93,Market,Composite,Exit Strategy/History,"IPO (1980), Acquisitions (e.g., Beats Electronics)"
94,Sustainability,Atomic,Carbon Footprint/Environmental Impact,0.12 kg CO2e per dollar revenue (2022)
95,Sustainability,Composite,Ethical Sourcing Practices,"Fair Labor Association, Responsible Minerals Initiative"
96,Benchmarking,Composite,Benchmark vs. Peers,"Apple vs. Samsung, Google, Amazon"
97,Forecasting,Atomic,Future Projections,$400 billion revenue (2025)
98,Forecasting,Composite,Strategic Priorities,"Artificial intelligence, augmented reality, sustainability"
99,Network,Composite,Industry Associations / Memberships,"Consumer Technology Association, National Retail Federation"
100,Proof Points,Composite,Case Studies / Public Success Stories,"Apple Watch, iPhone, iPad"
101,Go-to-Market,Composite,Go-to-Market Strategy,"Direct-to-Consumer (DTC), Retail partnerships"
102,Innovation,Composite,Innovation Roadmap,"Artificial intelligence, augmented reality, sustainability"
103,Innovation,Composite,Product Pipeline,"Apple Watch Series 8, iPhone 14, iPad Pro"
104,Governance,Composite,Board of Directors / Advisors,"Tim Cook, Jeff Williams, Arthur Levinson"
105,Digital Presence,Composite,Company Introduction / Marketing videos,"Apple.com, YouTube, Apple TV+"
106,Proof Points,Composite,Customer testimonial,"Apple Watch, iPhone, iPad"
107,Benchmarking,Composite,Industry Benchmark Technology Adoption Rating,85/100 (2022)
108,Market,Atomic,Total Addressable Market (TAM),$1.5 trillion (2022)
109,Market,Atomic,Serviceable Addressable Market (SAM),$500 billion (2022)
110,Market,Atomic,Serviceable Obtainable Market (SOM),$200 billion (2022)
111,Culture & People,Composite,Work culture,"Collaborative, innovative, customer-centric"
112,Culture & People,Atomic,Manager quality,High (2022)
113,Culture & People,Atomic,Psychological safety,High (2022)
114,Culture & People,Composite,Feedback culture,"Continuous, constructive"
115,Culture & People,Composite,Diversity & inclusion,"55% female employees, 30% underrepresented minorities"
116,Culture & People,Atomic,Ethical standards,High (2022)
117,Work–Life Balance & Work Patterns,Atomic,Typical working hours,40 hours/week (2022)
118,Work–Life Balance & Work Patterns,Atomic,Overtime expectations,Occasional (2022)
119,Work–Life Balance & Work Patterns,Atomic,Weekend work,Rare (2022)
120,Work–Life Balance & Work Patterns,Composite,Remote / hybrid / on-site flexibility,"50% remote, 30% hybrid, 20% on-site"
121,Work–Life Balance & Work Patterns,Atomic,Burnout risk,High; frequent burnout and firefighting due to intense work pace
122,Work–Life Balance & Work Patterns,Atomic,Leave policy,"15 days paid sick leave, 10 days paid vacation, and 5 days paid mental health days"
123,"Location, Commute & Accessibility",Atomic,Central vs peripheral location,"Located in a central business area, close to public transportation"
124,"Location, Commute & Accessibility",Composite,Public transport access,Bus: 5 minutes; Train: 10 minutes; Subway: 15 minutes
125,"Location, Commute & Accessibility",Composite,Cab availability and company cab policy,Cab availability: 24/7; Company cab policy: 50% reimbursement for employees
126,"Location, Commute & Accessibility",Atomic,Commute time from airport,30 minutes to nearest airport
127,"Location, Commute & Accessibility",Atomic,Office zone type,Located in a mixed-use commercial area
128,Safety & Well-being,Composite,Area safety,Daytime: 9/10; Late hours: 7/10
129,Safety & Well-being,Composite,Company safety policies,Late-night transport: 24/7; Women safety measures: on-site security personnel
130,Safety & Well-being,Composite,Office infrastructure safety,Fire alarms: 24/7; Emergency exits: clearly marked
131,Safety & Well-being,Composite,Emergency response preparedness,First aid kits: on-site; Fire extinguishers: easily accessible
132,Safety & Well-being,Composite,Health support,Health insurance: comprehensive; OPD benefits: 50% reimbursement
133,Learning & Growth Opportunities,Atomic,Onboarding and training quality,6 weeks of comprehensive onboarding and training
134,Learning & Growth Opportunities,Composite,Learning culture,Certifications: 50% reimbursement; Courses: 100% reimbursement; Internal learning platforms: 24/7 access
135,Learning & Growth Opportunities,Atomic,Exposure quality,Real-world problem-solving: 80% of tasks; Repetitive tasks: 20% of tasks
136,Learning & Growth Opportunities,Atomic,Mentorship availability,Experienced mentors: 1:5 ratio; Guidance: regular check-ins
137,Learning & Growth Opportunities,Atomic,Internal mobility,Easy to move across roles or teams: 9/10
138,Learning & Growth Opportunities,Atomic,Promotion clarity,Merit-based promotions: 80% of cases; Time-based promotions: 20% of cases
139,Learning & Growth Opportunities,Composite,Tools and technology access,Modern tools: 90% of tasks; Software: 100% of tasks; Technologies: 80% of tasks
140,Role & Work Quality,Atomic,Role clarity,Clearly defined role responsibilities and expectations: 9/10
141,Role & Work Quality,Atomic,Early ownership,High level of ownership and responsibility given early in the role: 8/10
142,Role & Work Quality,Composite,Work impact,Internal processes: 60% of tasks; Customers: 30% of tasks; Revenue: 10% of tasks
143,Role & Work Quality,Atomic,Execution vs thinking balance,Balance between execution-focused tasks and strategic or analytical thinking: 7/10
144,Role & Work Quality,Atomic,Automation level,Reliance on automation: 40% of tasks; Manual or repetitive work: 60% of tasks
145,Role & Work Quality,Composite,Cross-functional exposure,Opportunities to collaborate with multiple teams or functions: 80% of tasks
146,Company Stability & Reputation,Atomic,Company maturity,Mature enterprise: 9/10
147,Company Stability & Reputation,Atomic,Brand value,High brand recognition and perceived resume value: 9/10
148,Company Stability & Reputation,Composite,Client quality,High-quality clients: 80% of cases; Industry standing: 9/10
149,Company Stability & Reputation,Atomic,Layoff history,No recent layoffs or restructuring: 10/10
150,Compensation & Benefits,Atomic,Fixed vs variable pay,60% fixed salary; 40% variable or performance-linked pay
151,Compensation & Benefits,Atomic,Bonus predictability,Consistent and reliable bonuses: 9/10
152,Compensation & Benefits,Composite,ESOPs and long-term incentives,ESOPs: 50% of employees; Long-term incentives: 30% of employees
153,Compensation & Benefits,Composite,Family health insurance,Comprehensive health insurance coverage for employees and dependents: 90% of cases
154,Compensation & Benefits,Atomic,Relocation support,Support provided for relocation expenses: 80% of cases
155,Compensation & Benefits,Composite,Lifestyle and wellness benefits,Meals: 50% reimbursement; Transport: 50% reimbursement; Wellness programs: 100% reimbursement
156,Long-Term Career Signaling,Composite,Exit opportunities,Typical career paths of former employees: 80% of cases; Relevant skills gained: 90% of cases
157,Long-Term Career Signaling,Atomic,Skill relevance,High relevance of skills gained to the broader industry: 9/10
158,Long-Term Career Signaling,Atomic,External recognition,High recognition and credibility among top-tier employers: 9/10
159,Long-Term Career Signaling,Composite,Network strength,Strong alumni and leadership networks: 80% of cases
160,Long-Term Career Signaling,Atomic,Global exposure,"Exposure to global clients, teams, or markets: 80% of cases"
161,Values Alignment,Atomic,Mission clarity,Clear and consistent mission and purpose: 9/10
162,Values Alignment,Composite,Sustainability and CSR,Commitment to sustainability and social responsibility: 80% of cases
163,Values Alignment,Atomic,Crisis behavior,Company behavior and decision-making during crises: 9/10
